{"cameraMode":{"drawMode":0,"name":"Shaded","section":"Shading Mode"},"sceneLighting":true,"audioPlay":false,"sceneViewState":{"m_AlwaysRefresh":false,"showFog":true,"showSkybox":true,"showFlares":true,"showImageEffects":true,"showParticleSystems":true,"showVisualEffectGraphs":true,"m_FxEnabled":true},"in2DMode":false,"pivot":{"x":-2.7125258445739748,"y":3.472280263900757,"z":4.871042728424072},"rotation":{"x":0.1981130689382553,"y":-0.26493939757347109,"z":0.055737338960170749,"w":0.9419195055961609},"size":11.477190971374512,"orthographic":false}